{
MUNICIPIO: [
        { id: "Y07012", nome: "Y07012 – Operação de Prevenção a Violência Doméstica", dados: 
        [{"MUNICÍPIO":"TEOFILO OTONI","JAN":4,"FEV":4,"MAR":4,"ABR":4,"MAI":4,"JUN":4,"JUL":4,"AGO":4,"SET":4,"OUT":4,"NOV":4,"DEZ":4,"TOTAL":48},{"MUNICÍPIO":"ITAMBACURI","JAN":0,"FEV":0,"MAR":0,"ABR":0,"MAI":0,"JUN":0,"JUL":0,"AGO":0,"SET":0,"OUT":0,"NOV":0,"DEZ":0,"TOTAL":0},{"MUNICÍPIO":"NOVO CRUZEIRO","JAN":4,"FEV":4,"MAR":4,"ABR":4,"MAI":4,"JUN":4,"JUL":4,"AGO":4,"SET":4,"OUT":4,"NOV":4,"DEZ":4,"TOTAL":48},{"MUNICÍPIO":"ATALEIA","JAN":0,"FEV":0,"MAR":0,"ABR":0,"MAI":0,"JUN":0,"JUL":0,"AGO":0,"SET":0,"OUT":0,"NOV":0,"DEZ":0,"TOTAL":0},{"MUNICÍPIO":"CARAI","JAN":0,"FEV":0,"MAR":0,"ABR":0,"MAI":0,"JUN":0,"JUL":0,"AGO":0,"SET":0,"OUT":0,"NOV":0,"DEZ":0,"TOTAL":0},{"MUNICÍPIO":"MALACACHETA","JAN":0,"FEV":0,"MAR":0,"ABR":0,"MAI":0,"JUN":0,"JUL":0,"AGO":0,"SET":0,"OUT":0,"NOV":0,"DEZ":0,"TOTAL":0},{"MUNICÍPIO":"CAMPANARIO","JAN":0,"FEV":0,"MAR":0,"ABR":0,"MAI":0,"JUN":0,"JUL":0,"AGO":0,"SET":0,"OUT":0,"NOV":0,"DEZ":0,"TOTAL":0},{"MUNICÍPIO":"CATUJI","JAN":0,"FEV":0,"MAR":0,"ABR":0,"MAI":0,"JUN":0,"JUL":0,"AGO":0,"SET":0,"OUT":0,"NOV":0,"DEZ":0,"TOTAL":0},{"MUNICÍPIO":"FRANCISCOPOLIS","JAN":0,"FEV":0,"MAR":0,"ABR":0,"MAI":0,"JUN":0,"JUL":0,"AGO":0,"SET":0,"OUT":0,"NOV":0,"DEZ":0,"TOTAL":0},{"MUNICÍPIO":"FREI GASPAR","JAN":0,"FEV":0,"MAR":0,"ABR":0,"MAI":0,"JUN":0,"JUL":0,"AGO":0,"SET":0,"OUT":0,"NOV":0,"DEZ":0,"TOTAL":0},{"MUNICÍPIO":"ITAIPE","JAN":0,"FEV":0,"MAR":0,"ABR":0,"MAI":0,"JUN":0,"JUL":0,"AGO":0,"SET":0,"OUT":0,"NOV":0,"DEZ":0,"TOTAL":0},{"MUNICÍPIO":"JAMPRUCA","JAN":0,"FEV":0,"MAR":0,"ABR":0,"MAI":0,"JUN":0,"JUL":0,"AGO":0,"SET":0,"OUT":0,"NOV":0,"DEZ":0,"TOTAL":0},{"MUNICÍPIO":"LADAINHA","JAN":0,"FEV":0,"MAR":0,"ABR":0,"MAI":0,"JUN":0,"JUL":0,"AGO":0,"SET":0,"OUT":0,"NOV":0,"DEZ":0,"TOTAL":0},{"MUNICÍPIO":"NOVA MODICA","JAN":0,"FEV":0,"MAR":0,"ABR":0,"MAI":0,"JUN":0,"JUL":0,"AGO":0,"SET":0,"OUT":0,"NOV":0,"DEZ":0,"TOTAL":0},{"MUNICÍPIO":"NOVO ORIENTE DE MINAS","JAN":0,"FEV":0,"MAR":0,"ABR":0,"MAI":0,"JUN":0,"JUL":0,"AGO":0,"SET":0,"OUT":0,"NOV":0,"DEZ":0,"TOTAL":0},{"MUNICÍPIO":"OURO VERDE DE MINAS","JAN":0,"FEV":0,"MAR":0,"ABR":0,"MAI":0,"JUN":0,"JUL":0,"AGO":0,"SET":0,"OUT":0,"NOV":0,"DEZ":0,"TOTAL":0},{"MUNICÍPIO":"PAVAO","JAN":0,"FEV":0,"MAR":0,"ABR":0,"MAI":0,"JUN":0,"JUL":0,"AGO":0,"SET":0,"OUT":0,"NOV":0,"DEZ":0,"TOTAL":0},{"MUNICÍPIO":"PESCADOR","JAN":0,"FEV":0,"MAR":0,"ABR":0,"MAI":0,"JUN":0,"JUL":0,"AGO":0,"SET":0,"OUT":0,"NOV":0,"DEZ":0,"TOTAL":0},{"MUNICÍPIO":"POTE","JAN":0,"FEV":0,"MAR":0,"ABR":0,"MAI":0,"JUN":0,"JUL":0,"AGO":0,"SET":0,"OUT":0,"NOV":0,"DEZ":0,"TOTAL":0},{"MUNICÍPIO":"SAO JOSE DO DIVINO","JAN":0,"FEV":0,"MAR":0,"ABR":0,"MAI":0,"JUN":0,"JUL":0,"AGO":0,"SET":0,"OUT":0,"NOV":0,"DEZ":0,"TOTAL":0},{"MUNICÍPIO":"SETUBINHA","JAN":0,"FEV":0,"MAR":0,"ABR":0,"MAI":0,"JUN":0,"JUL":0,"AGO":0,"SET":0,"OUT":0,"NOV":0,"DEZ":0,"TOTAL":0}]
},
{ id: "Y15001", nome: "Y15001 - Patrulha Escolar", dados: 
[{"MUNICÍPIO":"TEOFILO OTONI","JAN":12,"FEV":12,"MAR":12,"ABR":12,"MAI":12,"JUN":12,"JUL":12,"AGO":12,"SET":12,"OUT":12,"NOV":12,"DEZ":12,"TOTAL":144},{"MUNICÍPIO":"ITAMBACURI","JAN":4,"FEV":4,"MAR":4,"ABR":4,"MAI":4,"JUN":4,"JUL":4,"AGO":4,"SET":4,"OUT":4,"NOV":4,"DEZ":4,"TOTAL":48},{"MUNICÍPIO":"NOVO CRUZEIRO","JAN":4,"FEV":4,"MAR":4,"ABR":4,"MAI":4,"JUN":4,"JUL":4,"AGO":4,"SET":4,"OUT":4,"NOV":4,"DEZ":4,"TOTAL":48},{"MUNICÍPIO":"ATALEIA","JAN":4,"FEV":4,"MAR":4,"ABR":4,"MAI":4,"JUN":4,"JUL":4,"AGO":4,"SET":4,"OUT":4,"NOV":4,"DEZ":4,"TOTAL":48},{"MUNICÍPIO":"CARAI","JAN":4,"FEV":4,"MAR":4,"ABR":4,"MAI":4,"JUN":4,"JUL":4,"AGO":4,"SET":4,"OUT":4,"NOV":4,"DEZ":4,"TOTAL":48},{"MUNICÍPIO":"MALACACHETA","JAN":4,"FEV":4,"MAR":4,"ABR":4,"MAI":4,"JUN":4,"JUL":4,"AGO":4,"SET":4,"OUT":4,"NOV":4,"DEZ":4,"TOTAL":48},{"MUNICÍPIO":"CAMPANARIO","JAN":2,"FEV":2,"MAR":2,"ABR":2,"MAI":2,"JUN":2,"JUL":2,"AGO":2,"SET":2,"OUT":2,"NOV":2,"DEZ":2,"TOTAL":24},{"MUNICÍPIO":"CATUJI","JAN":2,"FEV":2,"MAR":2,"ABR":2,"MAI":2,"JUN":2,"JUL":2,"AGO":2,"SET":2,"OUT":2,"NOV":2,"DEZ":2,"TOTAL":24},{"MUNICÍPIO":"FRANCISCOPOLIS","JAN":2,"FEV":2,"MAR":2,"ABR":2,"MAI":2,"JUN":2,"JUL":2,"AGO":2,"SET":2,"OUT":2,"NOV":2,"DEZ":2,"TOTAL":24},{"MUNICÍPIO":"FREI GASPAR","JAN":2,"FEV":2,"MAR":2,"ABR":2,"MAI":2,"JUN":2,"JUL":2,"AGO":2,"SET":2,"OUT":2,"NOV":2,"DEZ":2,"TOTAL":24},{"MUNICÍPIO":"ITAIPE","JAN":2,"FEV":2,"MAR":2,"ABR":2,"MAI":2,"JUN":2,"JUL":2,"AGO":2,"SET":2,"OUT":2,"NOV":2,"DEZ":2,"TOTAL":24},{"MUNICÍPIO":"JAMPRUCA","JAN":2,"FEV":2,"MAR":2,"ABR":2,"MAI":2,"JUN":2,"JUL":2,"AGO":2,"SET":2,"OUT":2,"NOV":2,"DEZ":2,"TOTAL":24},{"MUNICÍPIO":"LADAINHA","JAN":2,"FEV":2,"MAR":2,"ABR":2,"MAI":2,"JUN":2,"JUL":2,"AGO":2,"SET":2,"OUT":2,"NOV":2,"DEZ":2,"TOTAL":24},{"MUNICÍPIO":"NOVA MODICA","JAN":2,"FEV":2,"MAR":2,"ABR":2,"MAI":2,"JUN":2,"JUL":2,"AGO":2,"SET":2,"OUT":2,"NOV":2,"DEZ":2,"TOTAL":24},{"MUNICÍPIO":"NOVO ORIENTE DE MINAS","JAN":2,"FEV":2,"MAR":2,"ABR":2,"MAI":2,"JUN":2,"JUL":2,"AGO":2,"SET":2,"OUT":2,"NOV":2,"DEZ":2,"TOTAL":24},{"MUNICÍPIO":"OURO VERDE DE MINAS","JAN":2,"FEV":2,"MAR":2,"ABR":2,"MAI":2,"JUN":2,"JUL":2,"AGO":2,"SET":2,"OUT":2,"NOV":2,"DEZ":2,"TOTAL":24},{"MUNICÍPIO":"PAVAO","JAN":2,"FEV":2,"MAR":2,"ABR":2,"MAI":2,"JUN":2,"JUL":2,"AGO":2,"SET":2,"OUT":2,"NOV":2,"DEZ":2,"TOTAL":24},{"MUNICÍPIO":"PESCADOR","JAN":2,"FEV":2,"MAR":2,"ABR":2,"MAI":2,"JUN":2,"JUL":2,"AGO":2,"SET":2,"OUT":2,"NOV":2,"DEZ":2,"TOTAL":24},{"MUNICÍPIO":"POTE","JAN":2,"FEV":2,"MAR":2,"ABR":2,"MAI":2,"JUN":2,"JUL":2,"AGO":2,"SET":2,"OUT":2,"NOV":2,"DEZ":2,"TOTAL":24},{"MUNICÍPIO":"SAO JOSE DO DIVINO","JAN":2,"FEV":2,"MAR":2,"ABR":2,"MAI":2,"JUN":2,"JUL":2,"AGO":2,"SET":2,"OUT":2,"NOV":2,"DEZ":2,"TOTAL":24},{"MUNICÍPIO":"SETUBINHA","JAN":2,"FEV":2,"MAR":2,"ABR":2,"MAI":2,"JUN":2,"JUL":2,"AGO":2,"SET":2,"OUT":2,"NOV":2,"DEZ":2,"TOTAL":24}]
},
{ id: "Y15010 - Y07014", nome: "Y15010 - Operação em Zona Rural", dados: 
[{"MUNICÍPIO":"TEOFILO OTONI","JAN":14,"FEV":14,"MAR":14,"ABR":14,"MAI":14,"JUN":14,"JUL":14,"AGO":14,"SET":14,"OUT":14,"NOV":14,"DEZ":14,"TOTAL":168},{"MUNICÍPIO":"ITAMBACURI","JAN":2,"FEV":4,"MAR":4,"ABR":4,"MAI":4,"JUN":4,"JUL":4,"AGO":4,"SET":4,"OUT":4,"NOV":4,"DEZ":4,"TOTAL":46},{"MUNICÍPIO":"NOVO CRUZEIRO","JAN":2,"FEV":4,"MAR":4,"ABR":4,"MAI":4,"JUN":4,"JUL":4,"AGO":4,"SET":4,"OUT":4,"NOV":4,"DEZ":4,"TOTAL":46},{"MUNICÍPIO":"ATALEIA","JAN":2,"FEV":2,"MAR":2,"ABR":2,"MAI":2,"JUN":2,"JUL":2,"AGO":2,"SET":2,"OUT":2,"NOV":2,"DEZ":2,"TOTAL":24},{"MUNICÍPIO":"CARAI","JAN":1,"FEV":2,"MAR":2,"ABR":2,"MAI":2,"JUN":2,"JUL":2,"AGO":2,"SET":2,"OUT":2,"NOV":2,"DEZ":2,"TOTAL":23},{"MUNICÍPIO":"MALACACHETA","JAN":1,"FEV":2,"MAR":2,"ABR":2,"MAI":2,"JUN":2,"JUL":2,"AGO":2,"SET":2,"OUT":2,"NOV":2,"DEZ":2,"TOTAL":23},{"MUNICÍPIO":"CAMPANARIO","JAN":1,"FEV":2,"MAR":2,"ABR":2,"MAI":2,"JUN":2,"JUL":2,"AGO":2,"SET":2,"OUT":2,"NOV":2,"DEZ":2,"TOTAL":23},{"MUNICÍPIO":"CATUJI","JAN":1,"FEV":2,"MAR":2,"ABR":2,"MAI":2,"JUN":2,"JUL":2,"AGO":2,"SET":2,"OUT":2,"NOV":2,"DEZ":2,"TOTAL":23},{"MUNICÍPIO":"FRANCISCOPOLIS","JAN":1,"FEV":2,"MAR":2,"ABR":2,"MAI":2,"JUN":2,"JUL":2,"AGO":2,"SET":2,"OUT":2,"NOV":2,"DEZ":2,"TOTAL":23},{"MUNICÍPIO":"FREI GASPAR","JAN":1,"FEV":2,"MAR":2,"ABR":2,"MAI":2,"JUN":2,"JUL":2,"AGO":2,"SET":2,"OUT":2,"NOV":2,"DEZ":2,"TOTAL":23},{"MUNICÍPIO":"ITAIPE","JAN":1,"FEV":2,"MAR":2,"ABR":2,"MAI":2,"JUN":2,"JUL":2,"AGO":2,"SET":2,"OUT":2,"NOV":2,"DEZ":2,"TOTAL":23},{"MUNICÍPIO":"JAMPRUCA","JAN":1,"FEV":2,"MAR":2,"ABR":2,"MAI":2,"JUN":2,"JUL":2,"AGO":2,"SET":2,"OUT":2,"NOV":2,"DEZ":2,"TOTAL":23},{"MUNICÍPIO":"LADAINHA","JAN":1,"FEV":2,"MAR":2,"ABR":2,"MAI":2,"JUN":2,"JUL":2,"AGO":2,"SET":2,"OUT":2,"NOV":2,"DEZ":2,"TOTAL":23},{"MUNICÍPIO":"NOVA MODICA","JAN":1,"FEV":2,"MAR":2,"ABR":2,"MAI":2,"JUN":2,"JUL":2,"AGO":2,"SET":2,"OUT":2,"NOV":2,"DEZ":2,"TOTAL":23},{"MUNICÍPIO":"NOVO ORIENTE DE MINAS","JAN":1,"FEV":2,"MAR":2,"ABR":2,"MAI":2,"JUN":2,"JUL":2,"AGO":2,"SET":2,"OUT":2,"NOV":2,"DEZ":2,"TOTAL":23},{"MUNICÍPIO":"OURO VERDE DE MINAS","JAN":1,"FEV":2,"MAR":2,"ABR":2,"MAI":2,"JUN":2,"JUL":2,"AGO":2,"SET":2,"OUT":2,"NOV":2,"DEZ":2,"TOTAL":23},{"MUNICÍPIO":"PAVAO","JAN":1,"FEV":2,"MAR":2,"ABR":2,"MAI":2,"JUN":2,"JUL":2,"AGO":2,"SET":2,"OUT":2,"NOV":2,"DEZ":2,"TOTAL":23},{"MUNICÍPIO":"PESCADOR","JAN":1,"FEV":2,"MAR":2,"ABR":2,"MAI":2,"JUN":2,"JUL":2,"AGO":2,"SET":2,"OUT":2,"NOV":2,"DEZ":2,"TOTAL":23},{"MUNICÍPIO":"POTE","JAN":1,"FEV":2,"MAR":2,"ABR":2,"MAI":2,"JUN":2,"JUL":2,"AGO":2,"SET":2,"OUT":2,"NOV":2,"DEZ":2,"TOTAL":23},{"MUNICÍPIO":"SAO JOSE DO DIVINO","JAN":1,"FEV":2,"MAR":2,"ABR":2,"MAI":2,"JUN":2,"JUL":2,"AGO":2,"SET":2,"OUT":2,"NOV":2,"DEZ":2,"TOTAL":23},{"MUNICÍPIO":"SETUBINHA","JAN":1,"FEV":2,"MAR":2,"ABR":2,"MAI":2,"JUN":2,"JUL":2,"AGO":2,"SET":2,"OUT":2,"NOV":2,"DEZ":2,"TOTAL":23}]
 },
{ id: "Y15020 - GEPAR", nome: "Y15020 - Ação/Operação em Área de Risco", dados: 
[{"MUNICÍPIO":"TEOFILO OTONI","JAN":31,"FEV":28,"MAR":31,"ABR":30,"MAI":31,"JUN":30,"JUL":31,"AGO":31,"SET":30,"OUT":31,"NOV":30,"DEZ":31,"TOTAL":365},{"MUNICÍPIO":"ITAMBACURI","JAN":0,"FEV":0,"MAR":0,"ABR":0,"MAI":0,"JUN":0,"JUL":0,"AGO":0,"SET":0,"OUT":0,"NOV":0,"DEZ":0,"TOTAL":0},{"MUNICÍPIO":"NOVO CRUZEIRO","JAN":0,"FEV":0,"MAR":0,"ABR":0,"MAI":0,"JUN":0,"JUL":0,"AGO":0,"SET":0,"OUT":0,"NOV":0,"DEZ":0,"TOTAL":0},{"MUNICÍPIO":"ATALEIA","JAN":0,"FEV":0,"MAR":0,"ABR":0,"MAI":0,"JUN":0,"JUL":0,"AGO":0,"SET":0,"OUT":0,"NOV":0,"DEZ":0,"TOTAL":0},{"MUNICÍPIO":"CARAI","JAN":0,"FEV":0,"MAR":0,"ABR":0,"MAI":0,"JUN":0,"JUL":0,"AGO":0,"SET":0,"OUT":0,"NOV":0,"DEZ":0,"TOTAL":0},{"MUNICÍPIO":"MALACACHETA","JAN":0,"FEV":0,"MAR":0,"ABR":0,"MAI":0,"JUN":0,"JUL":0,"AGO":0,"SET":0,"OUT":0,"NOV":0,"DEZ":0,"TOTAL":0},{"MUNICÍPIO":"CAMPANARIO","JAN":0,"FEV":0,"MAR":0,"ABR":0,"MAI":0,"JUN":0,"JUL":0,"AGO":0,"SET":0,"OUT":0,"NOV":0,"DEZ":0,"TOTAL":0},{"MUNICÍPIO":"CATUJI","JAN":0,"FEV":0,"MAR":0,"ABR":0,"MAI":0,"JUN":0,"JUL":0,"AGO":0,"SET":0,"OUT":0,"NOV":0,"DEZ":0,"TOTAL":0},{"MUNICÍPIO":"FRANCISCOPOLIS","JAN":0,"FEV":0,"MAR":0,"ABR":0,"MAI":0,"JUN":0,"JUL":0,"AGO":0,"SET":0,"OUT":0,"NOV":0,"DEZ":0,"TOTAL":0},{"MUNICÍPIO":"FREI GASPAR","JAN":0,"FEV":0,"MAR":0,"ABR":0,"MAI":0,"JUN":0,"JUL":0,"AGO":0,"SET":0,"OUT":0,"NOV":0,"DEZ":0,"TOTAL":0},{"MUNICÍPIO":"ITAIPE","JAN":0,"FEV":0,"MAR":0,"ABR":0,"MAI":0,"JUN":0,"JUL":0,"AGO":0,"SET":0,"OUT":0,"NOV":0,"DEZ":0,"TOTAL":0},{"MUNICÍPIO":"JAMPRUCA","JAN":0,"FEV":0,"MAR":0,"ABR":0,"MAI":0,"JUN":0,"JUL":0,"AGO":0,"SET":0,"OUT":0,"NOV":0,"DEZ":0,"TOTAL":0},{"MUNICÍPIO":"LADAINHA","JAN":0,"FEV":0,"MAR":0,"ABR":0,"MAI":0,"JUN":0,"JUL":0,"AGO":0,"SET":0,"OUT":0,"NOV":0,"DEZ":0,"TOTAL":0},{"MUNICÍPIO":"NOVA MODICA","JAN":0,"FEV":0,"MAR":0,"ABR":0,"MAI":0,"JUN":0,"JUL":0,"AGO":0,"SET":0,"OUT":0,"NOV":0,"DEZ":0,"TOTAL":0},{"MUNICÍPIO":"NOVO ORIENTE DE MINAS","JAN":0,"FEV":0,"MAR":0,"ABR":0,"MAI":0,"JUN":0,"JUL":0,"AGO":0,"SET":0,"OUT":0,"NOV":0,"DEZ":0,"TOTAL":0},{"MUNICÍPIO":"OURO VERDE DE MINAS","JAN":0,"FEV":0,"MAR":0,"ABR":0,"MAI":0,"JUN":0,"JUL":0,"AGO":0,"SET":0,"OUT":0,"NOV":0,"DEZ":0,"TOTAL":0},{"MUNICÍPIO":"PAVAO","JAN":0,"FEV":0,"MAR":0,"ABR":0,"MAI":0,"JUN":0,"JUL":0,"AGO":0,"SET":0,"OUT":0,"NOV":0,"DEZ":0,"TOTAL":0},{"MUNICÍPIO":"PESCADOR","JAN":0,"FEV":0,"MAR":0,"ABR":0,"MAI":0,"JUN":0,"JUL":0,"AGO":0,"SET":0,"OUT":0,"NOV":0,"DEZ":0,"TOTAL":0},{"MUNICÍPIO":"POTE","JAN":0,"FEV":0,"MAR":0,"ABR":0,"MAI":0,"JUN":0,"JUL":0,"AGO":0,"SET":0,"OUT":0,"NOV":0,"DEZ":0,"TOTAL":0},{"MUNICÍPIO":"SAO JOSE DO DIVINO","JAN":0,"FEV":0,"MAR":0,"ABR":0,"MAI":0,"JUN":0,"JUL":0,"AGO":0,"SET":0,"OUT":0,"NOV":0,"DEZ":0,"TOTAL":0},{"MUNICÍPIO":"SETUBINHA","JAN":0,"FEV":0,"MAR":0,"ABR":0,"MAI":0,"JUN":0,"JUL":0,"AGO":0,"SET":0,"OUT":0,"NOV":0,"DEZ":0,"TOTAL":0}]
 },
{ id: "Y15052 - BSC", nome: "Y15052 - Operação da Base de Segurança Comunitária", dados: 
[{"MUNICÍPIO":"TEOFILO OTONI","JAN":29,"FEV":0,"MAR":0,"ABR":0,"MAI":0,"JUN":0,"JUL":0,"AGO":0,"SET":0,"OUT":0,"NOV":0,"DEZ":0,"TOTAL":29},{"MUNICÍPIO":"ITAMBACURI","JAN":0,"FEV":0,"MAR":0,"ABR":0,"MAI":0,"JUN":0,"JUL":0,"AGO":0,"SET":0,"OUT":0,"NOV":0,"DEZ":0,"TOTAL":0},{"MUNICÍPIO":"NOVO CRUZEIRO","JAN":0,"FEV":0,"MAR":0,"ABR":0,"MAI":0,"JUN":0,"JUL":0,"AGO":0,"SET":0,"OUT":0,"NOV":0,"DEZ":0,"TOTAL":0},{"MUNICÍPIO":"ATALEIA","JAN":0,"FEV":0,"MAR":0,"ABR":0,"MAI":0,"JUN":0,"JUL":0,"AGO":0,"SET":0,"OUT":0,"NOV":0,"DEZ":0,"TOTAL":0},{"MUNICÍPIO":"CARAI","JAN":0,"FEV":0,"MAR":0,"ABR":0,"MAI":0,"JUN":0,"JUL":0,"AGO":0,"SET":0,"OUT":0,"NOV":0,"DEZ":0,"TOTAL":0},{"MUNICÍPIO":"MALACACHETA","JAN":0,"FEV":0,"MAR":0,"ABR":0,"MAI":0,"JUN":0,"JUL":0,"AGO":0,"SET":0,"OUT":0,"NOV":0,"DEZ":0,"TOTAL":0},{"MUNICÍPIO":"CAMPANARIO","JAN":0,"FEV":0,"MAR":0,"ABR":0,"MAI":0,"JUN":0,"JUL":0,"AGO":0,"SET":0,"OUT":0,"NOV":0,"DEZ":0,"TOTAL":0},{"MUNICÍPIO":"CATUJI","JAN":0,"FEV":0,"MAR":0,"ABR":0,"MAI":0,"JUN":0,"JUL":0,"AGO":0,"SET":0,"OUT":0,"NOV":0,"DEZ":0,"TOTAL":0},{"MUNICÍPIO":"FRANCISCOPOLIS","JAN":0,"FEV":0,"MAR":0,"ABR":0,"MAI":0,"JUN":0,"JUL":0,"AGO":0,"SET":0,"OUT":0,"NOV":0,"DEZ":0,"TOTAL":0},{"MUNICÍPIO":"FREI GASPAR","JAN":0,"FEV":0,"MAR":0,"ABR":0,"MAI":0,"JUN":0,"JUL":0,"AGO":0,"SET":0,"OUT":0,"NOV":0,"DEZ":0,"TOTAL":0},{"MUNICÍPIO":"ITAIPE","JAN":0,"FEV":0,"MAR":0,"ABR":0,"MAI":0,"JUN":0,"JUL":0,"AGO":0,"SET":0,"OUT":0,"NOV":0,"DEZ":0,"TOTAL":0},{"MUNICÍPIO":"JAMPRUCA","JAN":0,"FEV":0,"MAR":0,"ABR":0,"MAI":0,"JUN":0,"JUL":0,"AGO":0,"SET":0,"OUT":0,"NOV":0,"DEZ":0,"TOTAL":0},{"MUNICÍPIO":"LADAINHA","JAN":0,"FEV":0,"MAR":0,"ABR":0,"MAI":0,"JUN":0,"JUL":0,"AGO":0,"SET":0,"OUT":0,"NOV":0,"DEZ":0,"TOTAL":0},{"MUNICÍPIO":"NOVA MODICA","JAN":0,"FEV":0,"MAR":0,"ABR":0,"MAI":0,"JUN":0,"JUL":0,"AGO":0,"SET":0,"OUT":0,"NOV":0,"DEZ":0,"TOTAL":0},{"MUNICÍPIO":"NOVO ORIENTE DE MINAS","JAN":0,"FEV":0,"MAR":0,"ABR":0,"MAI":0,"JUN":0,"JUL":0,"AGO":0,"SET":0,"OUT":0,"NOV":0,"DEZ":0,"TOTAL":0},{"MUNICÍPIO":"OURO VERDE DE MINAS","JAN":0,"FEV":0,"MAR":0,"ABR":0,"MAI":0,"JUN":0,"JUL":0,"AGO":0,"SET":0,"OUT":0,"NOV":0,"DEZ":0,"TOTAL":0},{"MUNICÍPIO":"PAVAO","JAN":0,"FEV":0,"MAR":0,"ABR":0,"MAI":0,"JUN":0,"JUL":0,"AGO":0,"SET":0,"OUT":0,"NOV":0,"DEZ":0,"TOTAL":0},{"MUNICÍPIO":"PESCADOR","JAN":0,"FEV":0,"MAR":0,"ABR":0,"MAI":0,"JUN":0,"JUL":0,"AGO":0,"SET":0,"OUT":0,"NOV":0,"DEZ":0,"TOTAL":0},{"MUNICÍPIO":"POTE","JAN":0,"FEV":0,"MAR":0,"ABR":0,"MAI":0,"JUN":0,"JUL":0,"AGO":0,"SET":0,"OUT":0,"NOV":0,"DEZ":0,"TOTAL":0},{"MUNICÍPIO":"SAO JOSE DO DIVINO","JAN":0,"FEV":0,"MAR":0,"ABR":0,"MAI":0,"JUN":0,"JUL":0,"AGO":0,"SET":0,"OUT":0,"NOV":0,"DEZ":0,"TOTAL":0},{"MUNICÍPIO":"SETUBINHA","JAN":0,"FEV":0,"MAR":0,"ABR":0,"MAI":0,"JUN":0,"JUL":0,"AGO":0,"SET":0,"OUT":0,"NOV":0,"DEZ":0,"TOTAL":0}]
}
]}