{
PELOTAO: [
        { id: "Y07012", nome: "Y07012 – Operação de Prevenção a Violência Doméstica", dados: 
[{"PELOTAO":"1 PEL/42 CIA PM","JAN":4,"FEV":4,"MAR":4,"ABR":4,"MAI":4,"JUN":4,"JUL":4,"AGO":4,"SET":4,"OUT":4,"NOV":4,"DEZ":4,"TOTAL":48},{"PELOTAO":"2 PEL/42 CIA PM","JAN":0,"FEV":0,"MAR":0,"ABR":0,"MAI":0,"JUN":0,"JUL":0,"AGO":0,"SET":0,"OUT":0,"NOV":0,"DEZ":0,"TOTAL":0},{"PELOTAO":"3 PEL/42 CIA PM","JAN":0,"FEV":0,"MAR":0,"ABR":0,"MAI":0,"JUN":0,"JUL":0,"AGO":0,"SET":0,"OUT":0,"NOV":0,"DEZ":0,"TOTAL":0},{"PELOTAO":"1 PEL/47 CIA PM","JAN":0,"FEV":0,"MAR":0,"ABR":0,"MAI":0,"JUN":0,"JUL":0,"AGO":0,"SET":0,"OUT":0,"NOV":0,"DEZ":0,"TOTAL":0},{"PELOTAO":"2 PEL/47 CIA PM","JAN":0,"FEV":0,"MAR":0,"ABR":0,"MAI":0,"JUN":0,"JUL":0,"AGO":0,"SET":0,"OUT":0,"NOV":0,"DEZ":0,"TOTAL":0},{"PELOTAO":"3 PEL/47 CIA PM","JAN":0,"FEV":0,"MAR":0,"ABR":0,"MAI":0,"JUN":0,"JUL":0,"AGO":0,"SET":0,"OUT":0,"NOV":0,"DEZ":0,"TOTAL":0},{"PELOTAO":"1 PEL/155 CIA PM","JAN":0,"FEV":0,"MAR":0,"ABR":0,"MAI":0,"JUN":0,"JUL":0,"AGO":0,"SET":0,"OUT":0,"NOV":0,"DEZ":0,"TOTAL":0},{"PELOTAO":"2 PEL/155 CIA PM","JAN":0,"FEV":0,"MAR":0,"ABR":0,"MAI":0,"JUN":0,"JUL":0,"AGO":0,"SET":0,"OUT":0,"NOV":0,"DEZ":0,"TOTAL":0},{"PELOTAO":"1 PEL/232 CIA PM","JAN":4,"FEV":4,"MAR":4,"ABR":4,"MAI":4,"JUN":4,"JUL":4,"AGO":4,"SET":4,"OUT":4,"NOV":4,"DEZ":4,"TOTAL":48},{"PELOTAO":"2 PEL/232 CIA PM","JAN":0,"FEV":0,"MAR":0,"ABR":0,"MAI":0,"JUN":0,"JUL":0,"AGO":0,"SET":0,"OUT":0,"NOV":0,"DEZ":0,"TOTAL":0},{"PELOTAO":"3 PEL/232 CIA PM","JAN":0,"FEV":0,"MAR":0,"ABR":0,"MAI":0,"JUN":0,"JUL":0,"AGO":0,"SET":0,"OUT":0,"NOV":0,"DEZ":0,"TOTAL":0}]
        },
{ id: "Y15001", nome: "Y15001 - Patrulha Escolar", dados: 
[{"PELOTAO":"1 PEL/42 CIA PM","JAN":2,"FEV":2,"MAR":2,"ABR":2,"MAI":2,"JUN":2,"JUL":2,"AGO":2,"SET":2,"OUT":2,"NOV":2,"DEZ":2,"TOTAL":24},{"PELOTAO":"2 PEL/42 CIA PM","JAN":2,"FEV":2,"MAR":2,"ABR":2,"MAI":2,"JUN":2,"JUL":2,"AGO":2,"SET":2,"OUT":2,"NOV":2,"DEZ":2,"TOTAL":24},{"PELOTAO":"3 PEL/42 CIA PM","JAN":6,"FEV":6,"MAR":6,"ABR":6,"MAI":6,"JUN":6,"JUL":6,"AGO":6,"SET":6,"OUT":6,"NOV":6,"DEZ":6,"TOTAL":72},{"PELOTAO":"1 PEL/47 CIA PM","JAN":2,"FEV":2,"MAR":2,"ABR":2,"MAI":2,"JUN":2,"JUL":2,"AGO":2,"SET":2,"OUT":2,"NOV":2,"DEZ":2,"TOTAL":24},{"PELOTAO":"2 PEL/47 CIA PM","JAN":2,"FEV":2,"MAR":2,"ABR":2,"MAI":2,"JUN":2,"JUL":2,"AGO":2,"SET":2,"OUT":2,"NOV":2,"DEZ":2,"TOTAL":24},{"PELOTAO":"3 PEL/47 CIA PM","JAN":2,"FEV":2,"MAR":2,"ABR":2,"MAI":2,"JUN":2,"JUL":2,"AGO":2,"SET":2,"OUT":2,"NOV":2,"DEZ":2,"TOTAL":24},{"PELOTAO":"1 PEL/155 CIA PM","JAN":16,"FEV":16,"MAR":16,"ABR":16,"MAI":16,"JUN":16,"JUL":16,"AGO":16,"SET":16,"OUT":16,"NOV":16,"DEZ":16,"TOTAL":192},{"PELOTAO":"2 PEL/155 CIA PM","JAN":6,"FEV":6,"MAR":6,"ABR":6,"MAI":6,"JUN":6,"JUL":6,"AGO":6,"SET":6,"OUT":6,"NOV":6,"DEZ":6,"TOTAL":72},{"PELOTAO":"1 PEL/232 CIA PM","JAN":4,"FEV":4,"MAR":4,"ABR":4,"MAI":4,"JUN":4,"JUL":4,"AGO":4,"SET":4,"OUT":4,"NOV":4,"DEZ":4,"TOTAL":48},{"PELOTAO":"2 PEL/232 CIA PM","JAN":8,"FEV":8,"MAR":8,"ABR":8,"MAI":8,"JUN":8,"JUL":8,"AGO":8,"SET":8,"OUT":8,"NOV":8,"DEZ":8,"TOTAL":96},{"PELOTAO":"3 PEL/232 CIA PM","JAN":12,"FEV":12,"MAR":12,"ABR":12,"MAI":12,"JUN":12,"JUL":12,"AGO":12,"SET":12,"OUT":12,"NOV":12,"DEZ":12,"TOTAL":144}]
    },

{ id: "Y15010 - Y07014", nome: "Y15010 - Operação em Zona Rural", dados: 
[{"PELOTAO":"1 PEL/42 CIA PM","JAN":0,"FEV":0,"MAR":0,"ABR":0,"MAI":0,"JUN":0,"JUL":0,"AGO":0,"SET":0,"OUT":0,"NOV":0,"DEZ":0,"TOTAL":0},{"PELOTAO":"2 PEL/42 CIA PM","JAN":0,"FEV":0,"MAR":0,"ABR":0,"MAI":0,"JUN":0,"JUL":0,"AGO":0,"SET":0,"OUT":0,"NOV":0,"DEZ":0,"TOTAL":0},{"PELOTAO":"3 PEL/42 CIA PM","JAN":16,"FEV":18,"MAR":18,"ABR":18,"MAI":18,"JUN":18,"JUL":18,"AGO":18,"SET":18,"OUT":18,"NOV":18,"DEZ":18,"TOTAL":214},{"PELOTAO":"1 PEL/47 CIA PM","JAN":0,"FEV":0,"MAR":0,"ABR":0,"MAI":0,"JUN":0,"JUL":0,"AGO":0,"SET":0,"OUT":0,"NOV":0,"DEZ":0,"TOTAL":0},{"PELOTAO":"2 PEL/47 CIA PM","JAN":0,"FEV":0,"MAR":0,"ABR":0,"MAI":0,"JUN":0,"JUL":0,"AGO":0,"SET":0,"OUT":0,"NOV":0,"DEZ":0,"TOTAL":0},{"PELOTAO":"3 PEL/47 CIA PM","JAN":0,"FEV":0,"MAR":0,"ABR":0,"MAI":0,"JUN":0,"JUL":0,"AGO":0,"SET":0,"OUT":0,"NOV":0,"DEZ":0,"TOTAL":0},{"PELOTAO":"1 PEL/155 CIA PM","JAN":8,"FEV":16,"MAR":16,"ABR":16,"MAI":16,"JUN":16,"JUL":16,"AGO":16,"SET":16,"OUT":16,"NOV":16,"DEZ":16,"TOTAL":184},{"PELOTAO":"2 PEL/155 CIA PM","JAN":3,"FEV":4,"MAR":4,"ABR":4,"MAI":4,"JUN":4,"JUL":4,"AGO":4,"SET":4,"OUT":4,"NOV":4,"DEZ":4,"TOTAL":47},{"PELOTAO":"1 PEL/232 CIA PM","JAN":2,"FEV":4,"MAR":4,"ABR":4,"MAI":4,"JUN":4,"JUL":4,"AGO":4,"SET":4,"OUT":4,"NOV":4,"DEZ":4,"TOTAL":46},{"PELOTAO":"2 PEL/232 CIA PM","JAN":3,"FEV":6,"MAR":6,"ABR":6,"MAI":6,"JUN":6,"JUL":6,"AGO":6,"SET":6,"OUT":6,"NOV":6,"DEZ":6,"TOTAL":69},{"PELOTAO":"3 PEL/232 CIA PM","JAN":5,"FEV":10,"MAR":10,"ABR":10,"MAI":10,"JUN":10,"JUL":10,"AGO":10,"SET":10,"OUT":10,"NOV":10,"DEZ":10,"TOTAL":115}]
 },

{ id: "Y15020 - GEPAR", nome: "Y15020 - Ação/Operação em Área de Risco", dados: 
[{"PELOTAO":"1 PEL/42 CIA PM","JAN":0,"FEV":0,"MAR":0,"ABR":0,"MAI":0,"JUN":0,"JUL":0,"AGO":0,"SET":0,"OUT":0,"NOV":0,"DEZ":0,"TOTAL":0},{"PELOTAO":"2 PEL/42 CIA PM","JAN":0,"FEV":0,"MAR":0,"ABR":0,"MAI":0,"JUN":0,"JUL":0,"AGO":0,"SET":0,"OUT":0,"NOV":0,"DEZ":0,"TOTAL":0},{"PELOTAO":"3 PEL/42 CIA PM","JAN":0,"FEV":0,"MAR":0,"ABR":0,"MAI":0,"JUN":0,"JUL":0,"AGO":0,"SET":0,"OUT":0,"NOV":0,"DEZ":0,"TOTAL":0},{"PELOTAO":"1 PEL/47 CIA PM","JAN":0,"FEV":0,"MAR":0,"ABR":0,"MAI":0,"JUN":0,"JUL":0,"AGO":0,"SET":0,"OUT":0,"NOV":0,"DEZ":0,"TOTAL":0},{"PELOTAO":"2 PEL/47 CIA PM","JAN":0,"FEV":0,"MAR":0,"ABR":0,"MAI":0,"JUN":0,"JUL":0,"AGO":0,"SET":0,"OUT":0,"NOV":0,"DEZ":0,"TOTAL":0},{"PELOTAO":"3 PEL/47 CIA PM","JAN":31,"FEV":28,"MAR":31,"ABR":30,"MAI":31,"JUN":30,"JUL":31,"AGO":31,"SET":30,"OUT":31,"NOV":30,"DEZ":31,"TOTAL":365},{"PELOTAO":"1 PEL/155 CIA PM","JAN":0,"FEV":0,"MAR":0,"ABR":0,"MAI":0,"JUN":0,"JUL":0,"AGO":0,"SET":0,"OUT":0,"NOV":0,"DEZ":0,"TOTAL":0},{"PELOTAO":"2 PEL/155 CIA PM","JAN":0,"FEV":0,"MAR":0,"ABR":0,"MAI":0,"JUN":0,"JUL":0,"AGO":0,"SET":0,"OUT":0,"NOV":0,"DEZ":0,"TOTAL":0},{"PELOTAO":"1 PEL/232 CIA PM","JAN":0,"FEV":0,"MAR":0,"ABR":0,"MAI":0,"JUN":0,"JUL":0,"AGO":0,"SET":0,"OUT":0,"NOV":0,"DEZ":0,"TOTAL":0},{"PELOTAO":"2 PEL/232 CIA PM","JAN":0,"FEV":0,"MAR":0,"ABR":0,"MAI":0,"JUN":0,"JUL":0,"AGO":0,"SET":0,"OUT":0,"NOV":0,"DEZ":0,"TOTAL":0},{"PELOTAO":"3 PEL/232 CIA PM","JAN":0,"FEV":0,"MAR":0,"ABR":0,"MAI":0,"JUN":0,"JUL":0,"AGO":0,"SET":0,"OUT":0,"NOV":0,"DEZ":0,"TOTAL":0}]
 },

{ id: "Y15052 - BSC", nome: "Y15052 - Operação da Base de Segurança Comunitária", dados: 
[{"PELOTAO":"1 PEL/42 CIA PM","JAN":0,"FEV":0,"MAR":0,"ABR":0,"MAI":0,"JUN":0,"JUL":0,"AGO":0,"SET":0,"OUT":0,"NOV":0,"DEZ":0,"TOTAL":0},{"PELOTAO":"2 PEL/42 CIA PM","JAN":0,"FEV":0,"MAR":0,"ABR":0,"MAI":0,"JUN":0,"JUL":0,"AGO":0,"SET":0,"OUT":0,"NOV":0,"DEZ":0,"TOTAL":0},{"PELOTAO":"3 PEL/42 CIA PM","JAN":0,"FEV":0,"MAR":0,"ABR":0,"MAI":0,"JUN":0,"JUL":0,"AGO":0,"SET":0,"OUT":0,"NOV":0,"DEZ":0,"TOTAL":0},{"PELOTAO":"1 PEL/47 CIA PM","JAN":29,"FEV":0,"MAR":0,"ABR":0,"MAI":0,"JUN":0,"JUL":0,"AGO":0,"SET":0,"OUT":0,"NOV":0,"DEZ":0,"TOTAL":29},{"PELOTAO":"2 PEL/47 CIA PM","JAN":0,"FEV":0,"MAR":0,"ABR":0,"MAI":0,"JUN":0,"JUL":0,"AGO":0,"SET":0,"OUT":0,"NOV":0,"DEZ":0,"TOTAL":0},{"PELOTAO":"3 PEL/47 CIA PM","JAN":0,"FEV":0,"MAR":0,"ABR":0,"MAI":0,"JUN":0,"JUL":0,"AGO":0,"SET":0,"OUT":0,"NOV":0,"DEZ":0,"TOTAL":0},{"PELOTAO":"1 PEL/155 CIA PM","JAN":0,"FEV":0,"MAR":0,"ABR":0,"MAI":0,"JUN":0,"JUL":0,"AGO":0,"SET":0,"OUT":0,"NOV":0,"DEZ":0,"TOTAL":0},{"PELOTAO":"2 PEL/155 CIA PM","JAN":0,"FEV":0,"MAR":0,"ABR":0,"MAI":0,"JUN":0,"JUL":0,"AGO":0,"SET":0,"OUT":0,"NOV":0,"DEZ":0,"TOTAL":0},{"PELOTAO":"1 PEL/232 CIA PM","JAN":0,"FEV":0,"MAR":0,"ABR":0,"MAI":0,"JUN":0,"JUL":0,"AGO":0,"SET":0,"OUT":0,"NOV":0,"DEZ":0,"TOTAL":0},{"PELOTAO":"2 PEL/232 CIA PM","JAN":0,"FEV":0,"MAR":0,"ABR":0,"MAI":0,"JUN":0,"JUL":0,"AGO":0,"SET":0,"OUT":0,"NOV":0,"DEZ":0,"TOTAL":0},{"PELOTAO":"3 PEL/232 CIA PM","JAN":0,"FEV":0,"MAR":0,"ABR":0,"MAI":0,"JUN":0,"JUL":0,"AGO":0,"SET":0,"OUT":0,"NOV":0,"DEZ":0,"TOTAL":0}]
}
]
}



